folder,url
Card 01,https://d2saegmz0kzo1a.cloudfront.net/Card 01/IMG_20250525_173745.JPG
Card 01,https://d2saegmz0kzo1a.cloudfront.net/Card 01/Panorama-1.jpg
Card 01,https://d2saegmz0kzo1a.cloudfront.net/Card 01/WhatsApp Image 2025-05-25 at 5.50.38 PM.jpeg
Card 01,https://d2saegmz0kzo1a.cloudfront.net/Card 01/_DSC0079.JPG
Card 01,https://d2saegmz0kzo1a.cloudfront.net/Card 01/_DSC0080.JPG
Card 01,https://d2saegmz0kzo1a.cloudfront.net/Card 01/_DSC0081.JPG
Card 01,https://d2saegmz0kzo1a.cloudfront.net/Card 01/_DSC0082.JPG
Card 01,https://d2saegmz0kzo1a.cloudfront.net/Card 01/_DSC0083.JPG
Card 01,https://d2saegmz0kzo1a.cloudfront.net/Card 01/_DSC0084.JPG
Card 01,https://d2saegmz0kzo1a.cloudfront.net/Card 01/_DSC0085.JPG
Card 01,https://d2saegmz0kzo1a.cloudfront.net/Card 01/_DSC0087.JPG
Card 01,https://d2saegmz0kzo1a.cloudfront.net/Card 01/_DSC0089.JPG
Card 01,https://d2saegmz0kzo1a.cloudfront.net/Card 01/_DSC0090.JPG
Card 01,https://d2saegmz0kzo1a.cloudfront.net/Card 01/_DSC0091.JPG
Card 01,https://d2saegmz0kzo1a.cloudfront.net/Card 01/_DSC0093.JPG
Card 01,https://d2saegmz0kzo1a.cloudfront.net/Card 01/_DSC0094.JPG
Card 01,https://d2saegmz0kzo1a.cloudfront.net/Card 01/_DSC0096.JPG
Card 01,https://d2saegmz0kzo1a.cloudfront.net/Card 01/_DSC0097.JPG
Card 01,https://d2saegmz0kzo1a.cloudfront.net/Card 01/_DSC0098.JPG
Card 01,https://d2saegmz0kzo1a.cloudfront.net/Card 01/_DSC0099.JPG
Card 01,https://d2saegmz0kzo1a.cloudfront.net/Card 01/_DSC0101.JPG
Card 01,https://d2saegmz0kzo1a.cloudfront.net/Card 01/_DSC0102.JPG
Card 01,https://d2saegmz0kzo1a.cloudfront.net/Card 01/_DSC0103.JPG
Card 01,https://d2saegmz0kzo1a.cloudfront.net/Card 01/_DSC0104.JPG
Card 01,https://d2saegmz0kzo1a.cloudfront.net/Card 01/_DSC0105.JPG
Card 01,https://d2saegmz0kzo1a.cloudfront.net/Card 01/_DSC0106.JPG
Card 01,https://d2saegmz0kzo1a.cloudfront.net/Card 01/_DSC0107.JPG
Card 01,https://d2saegmz0kzo1a.cloudfront.net/Card 01/_DSC0108.JPG
Card 01,https://d2saegmz0kzo1a.cloudfront.net/Card 01/_DSC0111.JPG
Card 01,https://d2saegmz0kzo1a.cloudfront.net/Card 01/_DSC0112.JPG
Card 01,https://d2saegmz0kzo1a.cloudfront.net/Card 01/_DSC0113.JPG
Card 01,https://d2saegmz0kzo1a.cloudfront.net/Card 01/_DSC0114.JPG
Card 01,https://d2saegmz0kzo1a.cloudfront.net/Card 01/_DSC0116.JPG
Card 01,https://d2saegmz0kzo1a.cloudfront.net/Card 01/_DSC0117.JPG
Card 01,https://d2saegmz0kzo1a.cloudfront.net/Card 01/_DSC0118.JPG
Card 01,https://d2saegmz0kzo1a.cloudfront.net/Card 01/_DSC0119.JPG
Card 01,https://d2saegmz0kzo1a.cloudfront.net/Card 01/_DSC0120.JPG
Card 01,https://d2saegmz0kzo1a.cloudfront.net/Card 01/_DSC0121.JPG
Card 01,https://d2saegmz0kzo1a.cloudfront.net/Card 01/_DSC0123.JPG
Card 01,https://d2saegmz0kzo1a.cloudfront.net/Card 01/_DSC0124.JPG
Card 01,https://d2saegmz0kzo1a.cloudfront.net/Card 01/_DSC0125.JPG
Card 01,https://d2saegmz0kzo1a.cloudfront.net/Card 01/_DSC0126.JPG
Card 01,https://d2saegmz0kzo1a.cloudfront.net/Card 01/_DSC0129.JPG
Card 01,https://d2saegmz0kzo1a.cloudfront.net/Card 01/_DSC0131.JPG
Card 01,https://d2saegmz0kzo1a.cloudfront.net/Card 01/_DSC0133.JPG
Card 01,https://d2saegmz0kzo1a.cloudfront.net/Card 01/_DSC0134.JPG
Card 01,https://d2saegmz0kzo1a.cloudfront.net/Card 01/_DSC0137.JPG
Card 01,https://d2saegmz0kzo1a.cloudfront.net/Card 01/_DSC0139.JPG
Card 01,https://d2saegmz0kzo1a.cloudfront.net/Card 01/_DSC0140.JPG
Card 01,https://d2saegmz0kzo1a.cloudfront.net/Card 01/_DSC0141.JPG
Card 01,https://d2saegmz0kzo1a.cloudfront.net/Card 01/_DSC0142.JPG
Card 01,https://d2saegmz0kzo1a.cloudfront.net/Card 01/_DSC0143.JPG
Card 01,https://d2saegmz0kzo1a.cloudfront.net/Card 01/_DSC0145.JPG
Card 01,https://d2saegmz0kzo1a.cloudfront.net/Card 01/_DSC0146.JPG
Card 01,https://d2saegmz0kzo1a.cloudfront.net/Card 01/_DSC0147.JPG
Card 01,https://d2saegmz0kzo1a.cloudfront.net/Card 01/_DSC0148.JPG
Card 01,https://d2saegmz0kzo1a.cloudfront.net/Card 01/_DSC0149.JPG
Card 01,https://d2saegmz0kzo1a.cloudfront.net/Card 01/_DSC0150.JPG
Card 01,https://d2saegmz0kzo1a.cloudfront.net/Card 01/_DSC0151.JPG
Card 01,https://d2saegmz0kzo1a.cloudfront.net/Card 01/_DSC0153.JPG
Card 01,https://d2saegmz0kzo1a.cloudfront.net/Card 01/_DSC0155.JPG
Card 01,https://d2saegmz0kzo1a.cloudfront.net/Card 01/_DSC0156.JPG
Card 01,https://d2saegmz0kzo1a.cloudfront.net/Card 01/_DSC0157.JPG
Card 01,https://d2saegmz0kzo1a.cloudfront.net/Card 01/_DSC0158.JPG
Card 01,https://d2saegmz0kzo1a.cloudfront.net/Card 01/_DSC0159.JPG
Card 01,https://d2saegmz0kzo1a.cloudfront.net/Card 01/_DSC0160.JPG
Card 01,https://d2saegmz0kzo1a.cloudfront.net/Card 01/_DSC0161.JPG
Card 01,https://d2saegmz0kzo1a.cloudfront.net/Card 01/_DSC0162.JPG
Card 01,https://d2saegmz0kzo1a.cloudfront.net/Card 01/_DSC0165.JPG
Card 01,https://d2saegmz0kzo1a.cloudfront.net/Card 01/_DSC0166.JPG
Card 01,https://d2saegmz0kzo1a.cloudfront.net/Card 01/_DSC0167.JPG
Card 01,https://d2saegmz0kzo1a.cloudfront.net/Card 01/_DSC0168.JPG
Card 01,https://d2saegmz0kzo1a.cloudfront.net/Card 01/_DSC0170.JPG
Card 01,https://d2saegmz0kzo1a.cloudfront.net/Card 01/_DSC0171.JPG
Card 01,https://d2saegmz0kzo1a.cloudfront.net/Card 01/_DSC0172.JPG
Card 01,https://d2saegmz0kzo1a.cloudfront.net/Card 01/_DSC0173.JPG
Card 01,https://d2saegmz0kzo1a.cloudfront.net/Card 01/_DSC0174.JPG
Card 01,https://d2saegmz0kzo1a.cloudfront.net/Card 01/_DSC0175.JPG
Card 01,https://d2saegmz0kzo1a.cloudfront.net/Card 01/_DSC0177.JPG
Card 01,https://d2saegmz0kzo1a.cloudfront.net/Card 01/_DSC0178.JPG
Card 01,https://d2saegmz0kzo1a.cloudfront.net/Card 01/_DSC0180.JPG
Card 01,https://d2saegmz0kzo1a.cloudfront.net/Card 01/_DSC0181.JPG
Card 01,https://d2saegmz0kzo1a.cloudfront.net/Card 01/_DSC0182.JPG
Card 01,https://d2saegmz0kzo1a.cloudfront.net/Card 01/_DSC0183.JPG
Card 01,https://d2saegmz0kzo1a.cloudfront.net/Card 01/_DSC0184.JPG
Card 01,https://d2saegmz0kzo1a.cloudfront.net/Card 01/_DSC0185.JPG
Card 01,https://d2saegmz0kzo1a.cloudfront.net/Card 01/_DSC0189.JPG
Card 01,https://d2saegmz0kzo1a.cloudfront.net/Card 01/_DSC0190.JPG
Card 01,https://d2saegmz0kzo1a.cloudfront.net/Card 01/_DSC0191.JPG
Card 01,https://d2saegmz0kzo1a.cloudfront.net/Card 01/_DSC0192.JPG
Card 01,https://d2saegmz0kzo1a.cloudfront.net/Card 01/_DSC0193.JPG
Card 01,https://d2saegmz0kzo1a.cloudfront.net/Card 01/_DSC0194.JPG
Card 01,https://d2saegmz0kzo1a.cloudfront.net/Card 01/_DSC0195.JPG
Card 01,https://d2saegmz0kzo1a.cloudfront.net/Card 01/_DSC0196.JPG
Card 01,https://d2saegmz0kzo1a.cloudfront.net/Card 01/_DSC0197.JPG
Card 01,https://d2saegmz0kzo1a.cloudfront.net/Card 01/_DSC0198.JPG
Card 01,https://d2saegmz0kzo1a.cloudfront.net/Card 01/_DSC0199.JPG
Card 01,https://d2saegmz0kzo1a.cloudfront.net/Card 01/_DSC0200.JPG
Card 01,https://d2saegmz0kzo1a.cloudfront.net/Card 01/_DSC0201.JPG
Card 01,https://d2saegmz0kzo1a.cloudfront.net/Card 01/_DSC0202.JPG
Card 01,https://d2saegmz0kzo1a.cloudfront.net/Card 01/_DSC0203.JPG
Card 01,https://d2saegmz0kzo1a.cloudfront.net/Card 01/_DSC0204.JPG
Card 01,https://d2saegmz0kzo1a.cloudfront.net/Card 01/_DSC0206.JPG
Card 01,https://d2saegmz0kzo1a.cloudfront.net/Card 01/_DSC0207.JPG
Card 01,https://d2saegmz0kzo1a.cloudfront.net/Card 01/_DSC0208.JPG
Card 01,https://d2saegmz0kzo1a.cloudfront.net/Card 01/_DSC0209.JPG
Card 01,https://d2saegmz0kzo1a.cloudfront.net/Card 01/_DSC0210.JPG
Card 01,https://d2saegmz0kzo1a.cloudfront.net/Card 01/_DSC0211.JPG
Card 01,https://d2saegmz0kzo1a.cloudfront.net/Card 01/_DSC0212.JPG
Card 01,https://d2saegmz0kzo1a.cloudfront.net/Card 01/_DSC0213.JPG
Card 01,https://d2saegmz0kzo1a.cloudfront.net/Card 01/_DSC0214.JPG
Card 01,https://d2saegmz0kzo1a.cloudfront.net/Card 01/_DSC0215.JPG
Card 02,https://d2saegmz0kzo1a.cloudfront.net/Card 02/PXL_20250405_101408005.MP.jpg
Card 02,https://d2saegmz0kzo1a.cloudfront.net/Card 02/PXL_20250405_101410737.MP.jpg
Card 02,https://d2saegmz0kzo1a.cloudfront.net/Card 02/PXL_20250405_101412035.jpg
Card 02,https://d2saegmz0kzo1a.cloudfront.net/Card 02/PXL_20250405_103353615.MP.jpg
Card 02,https://d2saegmz0kzo1a.cloudfront.net/Card 02/PXL_20250405_103354271.jpg
Card 02,https://d2saegmz0kzo1a.cloudfront.net/Card 02/PXL_20250405_103605376.MP.jpg
Card 02,https://d2saegmz0kzo1a.cloudfront.net/Card 02/PXL_20250405_103606563.jpg
Card 02,https://d2saegmz0kzo1a.cloudfront.net/Card 02/PXL_20250405_103606911.jpg
Card 02,https://d2saegmz0kzo1a.cloudfront.net/Card 02/PXL_20250405_103607081.jpg
Card 02,https://d2saegmz0kzo1a.cloudfront.net/Card 02/Panorama-2.jpg
Card 02,https://d2saegmz0kzo1a.cloudfront.net/Card 02/Panorama-3.jpg
Card 02,https://d2saegmz0kzo1a.cloudfront.net/Card 02/Panorama-6.jpg
Card 02,https://d2saegmz0kzo1a.cloudfront.net/Card 02/_DSC0269.JPG
Card 02,https://d2saegmz0kzo1a.cloudfront.net/Card 02/_DSC0270.JPG
Card 02,https://d2saegmz0kzo1a.cloudfront.net/Card 02/_DSC0271.JPG
Card 02,https://d2saegmz0kzo1a.cloudfront.net/Card 02/_DSC0272.JPG
Card 02,https://d2saegmz0kzo1a.cloudfront.net/Card 02/_DSC0273.JPG
Card 02,https://d2saegmz0kzo1a.cloudfront.net/Card 02/_DSC0274.JPG
Card 02,https://d2saegmz0kzo1a.cloudfront.net/Card 02/_DSC0275.JPG
Card 02,https://d2saegmz0kzo1a.cloudfront.net/Card 02/_DSC0276.JPG
Card 02,https://d2saegmz0kzo1a.cloudfront.net/Card 02/_DSC0277.JPG
Card 02,https://d2saegmz0kzo1a.cloudfront.net/Card 02/_DSC0278.JPG
Card 02,https://d2saegmz0kzo1a.cloudfront.net/Card 02/_DSC0279.JPG
Card 02,https://d2saegmz0kzo1a.cloudfront.net/Card 02/_DSC0280.JPG
Card 02,https://d2saegmz0kzo1a.cloudfront.net/Card 02/_DSC0281.JPG
Card 02,https://d2saegmz0kzo1a.cloudfront.net/Card 02/_DSC0282.JPG
Card 02,https://d2saegmz0kzo1a.cloudfront.net/Card 02/_DSC0283.JPG
Card 02,https://d2saegmz0kzo1a.cloudfront.net/Card 02/_DSC0284.JPG
Card 02,https://d2saegmz0kzo1a.cloudfront.net/Card 02/_DSC0285.JPG
Card 02,https://d2saegmz0kzo1a.cloudfront.net/Card 02/_DSC0286.JPG
Card 02,https://d2saegmz0kzo1a.cloudfront.net/Card 02/_DSC0287.JPG
Card 02,https://d2saegmz0kzo1a.cloudfront.net/Card 02/_DSC0288.JPG
Card 02,https://d2saegmz0kzo1a.cloudfront.net/Card 02/_DSC0289.JPG
Card 02,https://d2saegmz0kzo1a.cloudfront.net/Card 02/_DSC0290.JPG
Card 02,https://d2saegmz0kzo1a.cloudfront.net/Card 02/_DSC0291.JPG
Card 02,https://d2saegmz0kzo1a.cloudfront.net/Card 02/_DSC0292.JPG
Card 02,https://d2saegmz0kzo1a.cloudfront.net/Card 02/_DSC0293.JPG
Card 02,https://d2saegmz0kzo1a.cloudfront.net/Card 02/_DSC0294.JPG
Card 02,https://d2saegmz0kzo1a.cloudfront.net/Card 02/_DSC0295.JPG
Card 02,https://d2saegmz0kzo1a.cloudfront.net/Card 02/_DSC0296.JPG
Card 02,https://d2saegmz0kzo1a.cloudfront.net/Card 02/_DSC0297.JPG
Card 02,https://d2saegmz0kzo1a.cloudfront.net/Card 02/_DSC0298.JPG
Card 02,https://d2saegmz0kzo1a.cloudfront.net/Card 02/_DSC0299.JPG
Card 02,https://d2saegmz0kzo1a.cloudfront.net/Card 02/_DSC0300.JPG
Card 02,https://d2saegmz0kzo1a.cloudfront.net/Card 02/_DSC0301.JPG
Card 02,https://d2saegmz0kzo1a.cloudfront.net/Card 02/_DSC0302.JPG
Card 02,https://d2saegmz0kzo1a.cloudfront.net/Card 02/_DSC0304.JPG
Card 02,https://d2saegmz0kzo1a.cloudfront.net/Card 02/_DSC0305.JPG
Card 02,https://d2saegmz0kzo1a.cloudfront.net/Card 02/_DSC0306.JPG
Card 02,https://d2saegmz0kzo1a.cloudfront.net/Card 02/_DSC0307.JPG
Card 02,https://d2saegmz0kzo1a.cloudfront.net/Card 02/_DSC0308.JPG
Card 02,https://d2saegmz0kzo1a.cloudfront.net/Card 02/_DSC0310.JPG
Card 02,https://d2saegmz0kzo1a.cloudfront.net/Card 02/_DSC0312.JPG
Card 02,https://d2saegmz0kzo1a.cloudfront.net/Card 02/_DSC0313.JPG
Card 02,https://d2saegmz0kzo1a.cloudfront.net/Card 02/_DSC0314.JPG
Card 02,https://d2saegmz0kzo1a.cloudfront.net/Card 02/_DSC0315.JPG
Card 02,https://d2saegmz0kzo1a.cloudfront.net/Card 02/_DSC0316.JPG
Card 02,https://d2saegmz0kzo1a.cloudfront.net/Card 02/_DSC0317.JPG
Card 02,https://d2saegmz0kzo1a.cloudfront.net/Card 02/_DSC0318.JPG
Card 02,https://d2saegmz0kzo1a.cloudfront.net/Card 02/_DSC0320.JPG
Card 02,https://d2saegmz0kzo1a.cloudfront.net/Card 02/_DSC0321.JPG
Card 02,https://d2saegmz0kzo1a.cloudfront.net/Card 02/_DSC0322.JPG
Card 02,https://d2saegmz0kzo1a.cloudfront.net/Card 02/_DSC0324.JPG
Card 02,https://d2saegmz0kzo1a.cloudfront.net/Card 02/_DSC0325.JPG
Card 02,https://d2saegmz0kzo1a.cloudfront.net/Card 02/_DSC0326.JPG
Card 02,https://d2saegmz0kzo1a.cloudfront.net/Card 02/_DSC0327.JPG
Card 02,https://d2saegmz0kzo1a.cloudfront.net/Card 02/_DSC0329.JPG
Card 02,https://d2saegmz0kzo1a.cloudfront.net/Card 02/_DSC0330.JPG
Card 02,https://d2saegmz0kzo1a.cloudfront.net/Card 02/_DSC0331.JPG
Card 02,https://d2saegmz0kzo1a.cloudfront.net/Card 02/_DSC0334.JPG
Card 02,https://d2saegmz0kzo1a.cloudfront.net/Card 02/_DSC0335.JPG
Card 02,https://d2saegmz0kzo1a.cloudfront.net/Card 02/_DSC0336.JPG
Card 02,https://d2saegmz0kzo1a.cloudfront.net/Card 02/_DSC0337.JPG
Card 02,https://d2saegmz0kzo1a.cloudfront.net/Card 02/_DSC0338.JPG
Card 02,https://d2saegmz0kzo1a.cloudfront.net/Card 02/_DSC0339.JPG
Card 02,https://d2saegmz0kzo1a.cloudfront.net/Card 02/_DSC0340.JPG
Card 02,https://d2saegmz0kzo1a.cloudfront.net/Card 02/_DSC0341.JPG
Card 02,https://d2saegmz0kzo1a.cloudfront.net/Card 02/_DSC0343.JPG
Card 02,https://d2saegmz0kzo1a.cloudfront.net/Card 02/_DSC0344.JPG
Card 02,https://d2saegmz0kzo1a.cloudfront.net/Card 02/_DSC0345.JPG
Card 02,https://d2saegmz0kzo1a.cloudfront.net/Card 02/_DSC0346.JPG
Card 02,https://d2saegmz0kzo1a.cloudfront.net/Card 02/_DSC0348.JPG
Card 02,https://d2saegmz0kzo1a.cloudfront.net/Card 02/_DSC0349.JPG
Card 02,https://d2saegmz0kzo1a.cloudfront.net/Card 02/_DSC0350.JPG
Card 02,https://d2saegmz0kzo1a.cloudfront.net/Card 02/_DSC0351.JPG
Card 02,https://d2saegmz0kzo1a.cloudfront.net/Card 02/_DSC0352.JPG
Card 02,https://d2saegmz0kzo1a.cloudfront.net/Card 02/_DSC0353.JPG
Card 02,https://d2saegmz0kzo1a.cloudfront.net/Card 02/_DSC0354.JPG
Card 02,https://d2saegmz0kzo1a.cloudfront.net/Card 02/_DSC0355.JPG
Card 02,https://d2saegmz0kzo1a.cloudfront.net/Card 02/_DSC0356.JPG
Card 02,https://d2saegmz0kzo1a.cloudfront.net/Card 02/_DSC0357.JPG
Card 02,https://d2saegmz0kzo1a.cloudfront.net/Card 02/_DSC0358.JPG
Card 02,https://d2saegmz0kzo1a.cloudfront.net/Card 02/_DSC0359.JPG
Card 02,https://d2saegmz0kzo1a.cloudfront.net/Card 02/_DSC0360.JPG
Card 02,https://d2saegmz0kzo1a.cloudfront.net/Card 02/_DSC0361.JPG
Card 02,https://d2saegmz0kzo1a.cloudfront.net/Card 02/_DSC0362.JPG
Card 02,https://d2saegmz0kzo1a.cloudfront.net/Card 02/_DSC0363.JPG
Card 02,https://d2saegmz0kzo1a.cloudfront.net/Card 02/_DSC0364.JPG
Card 02,https://d2saegmz0kzo1a.cloudfront.net/Card 02/_DSC0365.JPG
Card 02,https://d2saegmz0kzo1a.cloudfront.net/Card 02/_DSC0366.JPG
Card 02,https://d2saegmz0kzo1a.cloudfront.net/Card 02/_DSC0368.JPG
Card 02,https://d2saegmz0kzo1a.cloudfront.net/Card 02/_DSC0369.JPG
Card 02,https://d2saegmz0kzo1a.cloudfront.net/Card 02/_DSC0370.JPG
Card 02,https://d2saegmz0kzo1a.cloudfront.net/Card 02/_DSC0372.JPG
Card 02,https://d2saegmz0kzo1a.cloudfront.net/Card 02/_DSC0373.JPG
Card 02,https://d2saegmz0kzo1a.cloudfront.net/Card 02/_DSC0374.JPG
Card 02,https://d2saegmz0kzo1a.cloudfront.net/Card 02/_DSC0375.JPG
Card 02,https://d2saegmz0kzo1a.cloudfront.net/Card 02/_DSC0376.JPG
Card 02,https://d2saegmz0kzo1a.cloudfront.net/Card 02/_DSC0378.JPG
Card 02,https://d2saegmz0kzo1a.cloudfront.net/Card 02/_DSC0379.JPG
Card 02,https://d2saegmz0kzo1a.cloudfront.net/Card 02/_DSC0380.JPG
Card 02,https://d2saegmz0kzo1a.cloudfront.net/Card 02/_DSC0382.JPG
Card 02,https://d2saegmz0kzo1a.cloudfront.net/Card 02/_DSC0383.JPG
Card 02,https://d2saegmz0kzo1a.cloudfront.net/Card 02/_DSC0386.JPG
Card 02,https://d2saegmz0kzo1a.cloudfront.net/Card 02/_DSC0388.JPG
Card 02,https://d2saegmz0kzo1a.cloudfront.net/Card 02/_DSC0399.JPG
Card 02,https://d2saegmz0kzo1a.cloudfront.net/Card 02/_DSC0400.JPG
Card 02,https://d2saegmz0kzo1a.cloudfront.net/Card 02/_DSC0401.JPG
Card 02,https://d2saegmz0kzo1a.cloudfront.net/Card 02/_DSC0402.JPG
Card 02,https://d2saegmz0kzo1a.cloudfront.net/Card 02/_DSC0403.JPG
Card 02,https://d2saegmz0kzo1a.cloudfront.net/Card 02/_DSC0404.JPG
Card 02,https://d2saegmz0kzo1a.cloudfront.net/Card 02/_DSC0405.JPG
Card 02,https://d2saegmz0kzo1a.cloudfront.net/Card 02/_DSC0406.JPG
Card 02,https://d2saegmz0kzo1a.cloudfront.net/Card 02/_DSC0407.JPG
Card 02,https://d2saegmz0kzo1a.cloudfront.net/Card 02/_DSC0408.JPG
Card 02,https://d2saegmz0kzo1a.cloudfront.net/Card 02/_DSC0409.JPG
Card 02,https://d2saegmz0kzo1a.cloudfront.net/Card 02/_DSC0413.JPG
Card 02,https://d2saegmz0kzo1a.cloudfront.net/Card 02/_DSC0414.JPG
Card 02,https://d2saegmz0kzo1a.cloudfront.net/Card 02/_DSC0417.JPG
Card 02,https://d2saegmz0kzo1a.cloudfront.net/Card 02/_DSC0418.JPG
Card 02,https://d2saegmz0kzo1a.cloudfront.net/Card 02/_DSC0419.JPG
Card 02,https://d2saegmz0kzo1a.cloudfront.net/Card 02/_DSC0420.JPG
Card 02,https://d2saegmz0kzo1a.cloudfront.net/Card 02/_DSC0425.JPG
Card 02,https://d2saegmz0kzo1a.cloudfront.net/Card 02/_DSC0430.JPG
Card 02,https://d2saegmz0kzo1a.cloudfront.net/Card 02/_DSC0433.JPG
Card 02,https://d2saegmz0kzo1a.cloudfront.net/Card 02/_DSC0434.JPG
Card 02,https://d2saegmz0kzo1a.cloudfront.net/Card 02/_DSC0436.JPG
Card 02,https://d2saegmz0kzo1a.cloudfront.net/Card 02/_DSC0437.JPG
Card 02,https://d2saegmz0kzo1a.cloudfront.net/Card 02/_DSC0439.JPG
Card 02,https://d2saegmz0kzo1a.cloudfront.net/Card 02/_DSC0443.JPG
Card 02,https://d2saegmz0kzo1a.cloudfront.net/Card 02/_DSC0444.JPG
Card 02,https://d2saegmz0kzo1a.cloudfront.net/Card 02/_DSC0445.JPG
Card 02,https://d2saegmz0kzo1a.cloudfront.net/Card 02/_DSC0449.JPG
Card 02,https://d2saegmz0kzo1a.cloudfront.net/Card 02/_DSC0450.JPG
Card 02,https://d2saegmz0kzo1a.cloudfront.net/Card 02/_DSC0451.JPG
Card 02,https://d2saegmz0kzo1a.cloudfront.net/Card 02/_DSC0452.JPG
Card 02,https://d2saegmz0kzo1a.cloudfront.net/Card 02/_DSC0453.JPG
Card 02,https://d2saegmz0kzo1a.cloudfront.net/Card 02/_DSC0454.JPG
Card 02,https://d2saegmz0kzo1a.cloudfront.net/Card 02/_DSC0456.JPG
Card 02,https://d2saegmz0kzo1a.cloudfront.net/Card 02/_DSC0457.JPG
Card 02,https://d2saegmz0kzo1a.cloudfront.net/Card 02/_DSC0458.JPG
Event,https://d2saegmz0kzo1a.cloudfront.net/Event/WhatsApp Image 2025-05-25 at 5.50.29 PM.jpeg
Event,https://d2saegmz0kzo1a.cloudfront.net/Event/WhatsApp Image 2025-05-25 at 5.50.30 PM (1).jpeg
Event,https://d2saegmz0kzo1a.cloudfront.net/Event/WhatsApp Image 2025-05-25 at 5.50.30 PM.jpeg
Event,https://d2saegmz0kzo1a.cloudfront.net/Event/WhatsApp Image 2025-05-25 at 5.50.31 PM.jpeg
Event,https://d2saegmz0kzo1a.cloudfront.net/Event/WhatsApp Image 2025-05-25 at 5.50.32 PM.jpeg
Event,https://d2saegmz0kzo1a.cloudfront.net/Event/WhatsApp Image 2025-05-25 at 5.50.33 PM.jpeg
Event,https://d2saegmz0kzo1a.cloudfront.net/Event/WhatsApp Image 2025-05-25 at 5.50.35 PM (1).jpeg
Event,https://d2saegmz0kzo1a.cloudfront.net/Event/WhatsApp Image 2025-05-25 at 5.50.35 PM.jpeg
Event,https://d2saegmz0kzo1a.cloudfront.net/Event/WhatsApp Image 2025-05-25 at 5.50.36 PM.jpeg
Event,https://d2saegmz0kzo1a.cloudfront.net/Event/WhatsApp Image 2025-05-25 at 5.50.37 PM.jpeg
Event,https://d2saegmz0kzo1a.cloudfront.net/Event/_DSC0217.JPG
Event,https://d2saegmz0kzo1a.cloudfront.net/Event/_DSC0218.JPG
Event,https://d2saegmz0kzo1a.cloudfront.net/Event/_DSC0219.JPG
Event,https://d2saegmz0kzo1a.cloudfront.net/Event/_DSC0220.JPG
Event,https://d2saegmz0kzo1a.cloudfront.net/Event/_DSC0221.JPG
Event,https://d2saegmz0kzo1a.cloudfront.net/Event/_DSC0222.JPG
Event,https://d2saegmz0kzo1a.cloudfront.net/Event/_DSC0223.JPG
Event,https://d2saegmz0kzo1a.cloudfront.net/Event/_DSC0224.JPG
Event,https://d2saegmz0kzo1a.cloudfront.net/Event/_DSC0225.JPG
Event,https://d2saegmz0kzo1a.cloudfront.net/Event/_DSC0226.JPG
Event,https://d2saegmz0kzo1a.cloudfront.net/Event/_DSC0227.JPG
Event,https://d2saegmz0kzo1a.cloudfront.net/Event/_DSC0228.JPG
Event,https://d2saegmz0kzo1a.cloudfront.net/Event/_DSC0229.JPG
Event,https://d2saegmz0kzo1a.cloudfront.net/Event/_DSC0230.JPG
Event,https://d2saegmz0kzo1a.cloudfront.net/Event/_DSC0231.JPG
Event,https://d2saegmz0kzo1a.cloudfront.net/Event/_DSC0232.JPG
Event,https://d2saegmz0kzo1a.cloudfront.net/Event/_DSC0233.JPG
Event,https://d2saegmz0kzo1a.cloudfront.net/Event/_DSC0234.JPG
Event,https://d2saegmz0kzo1a.cloudfront.net/Event/_DSC0235.JPG
Event,https://d2saegmz0kzo1a.cloudfront.net/Event/_DSC0239.JPG
Event,https://d2saegmz0kzo1a.cloudfront.net/Event/_DSC0241.JPG
Event,https://d2saegmz0kzo1a.cloudfront.net/Event/_DSC0242.JPG
Event,https://d2saegmz0kzo1a.cloudfront.net/Event/_DSC0243.JPG
Event,https://d2saegmz0kzo1a.cloudfront.net/Event/_DSC0244.JPG
Event,https://d2saegmz0kzo1a.cloudfront.net/Event/_DSC0245.JPG
Event,https://d2saegmz0kzo1a.cloudfront.net/Event/_DSC0246.JPG
Event,https://d2saegmz0kzo1a.cloudfront.net/Event/_DSC0247.JPG
Event,https://d2saegmz0kzo1a.cloudfront.net/Event/_DSC0248.JPG
Event,https://d2saegmz0kzo1a.cloudfront.net/Event/_DSC0249.JPG
Event,https://d2saegmz0kzo1a.cloudfront.net/Event/_DSC0250.JPG
Event,https://d2saegmz0kzo1a.cloudfront.net/Event/_DSC0251.JPG
Event,https://d2saegmz0kzo1a.cloudfront.net/Event/_DSC0252.JPG
Event,https://d2saegmz0kzo1a.cloudfront.net/Event/_DSC0253.JPG
Event,https://d2saegmz0kzo1a.cloudfront.net/Event/_DSC0256.JPG
Event,https://d2saegmz0kzo1a.cloudfront.net/Event/_DSC0258.JPG
Event,https://d2saegmz0kzo1a.cloudfront.net/Event/_DSC0259.JPG
Event,https://d2saegmz0kzo1a.cloudfront.net/Event/_DSC0260.JPG
Event,https://d2saegmz0kzo1a.cloudfront.net/Event/_DSC0261.JPG
Event,https://d2saegmz0kzo1a.cloudfront.net/Event/_DSC0262.JPG
Event,https://d2saegmz0kzo1a.cloudfront.net/Event/_DSC0268.JPG
Event,https://d2saegmz0kzo1a.cloudfront.net/Event/_DSC0269.JPG
Event,https://d2saegmz0kzo1a.cloudfront.net/Event/_DSC0270.JPG
round1,https://d2saegmz0kzo1a.cloudfront.net/ROUND 1/WhatsApp Image 2025-05-25 at 5.24.18 PM.jpeg
round1,https://d2saegmz0kzo1a.cloudfront.net/ROUND 1/WhatsApp Image 2025-05-25 at 5.24.20 PM.jpeg
round1,https://d2saegmz0kzo1a.cloudfront.net/ROUND 1/WhatsApp Image 2025-05-25 at 5.24.25 PM.jpeg
round1,https://d2saegmz0kzo1a.cloudfront.net/ROUND 1/WhatsApp Image 2025-05-25 at 5.24.27 PM.jpeg
round1,https://d2saegmz0kzo1a.cloudfront.net/ROUND 1/WhatsApp Image 2025-05-25 at 5.24.28 PM.jpeg
round1,https://d2saegmz0kzo1a.cloudfront.net/ROUND 1/WhatsApp Image 2025-05-25 at 5.24.44 PM.jpeg
round1,https://d2saegmz0kzo1a.cloudfront.net/ROUND 1/WhatsApp Image 2025-05-25 at 5.24.46 PM.jpeg
round1,https://d2saegmz0kzo1a.cloudfront.net/ROUND 1/WhatsApp Image 2025-05-25 at 5.24.57 PM.jpeg
round1,https://d2saegmz0kzo1a.cloudfront.net/ROUND 1/WhatsApp Image 2025-05-25 at 5.24.59 PM.jpeg
round1,https://d2saegmz0kzo1a.cloudfront.net/ROUND 1/WhatsApp Image 2025-05-25 at 5.25.00 PM.jpeg
round1,https://d2saegmz0kzo1a.cloudfront.net/ROUND 1/WhatsApp Image 2025-05-25 at 5.25.02 PM.jpeg
round1,https://d2saegmz0kzo1a.cloudfront.net/ROUND 1/WhatsApp Image 2025-05-25 at 5.25.14 PM.jpeg
round1,https://d2saegmz0kzo1a.cloudfront.net/ROUND 1/WhatsApp Image 2025-05-25 at 5.25.19 PM.jpeg
round1,https://d2saegmz0kzo1a.cloudfront.net/ROUND 1/WhatsApp Image 2025-05-25 at 5.25.22 PM.jpeg
round1,https://d2saegmz0kzo1a.cloudfront.net/ROUND 1/WhatsApp Image 2025-05-25 at 5.25.23 PM.jpeg
round1,https://d2saegmz0kzo1a.cloudfront.net/ROUND 1/WhatsApp Image 2025-05-25 at 5.25.27 PM.jpeg
round1,https://d2saegmz0kzo1a.cloudfront.net/ROUND 1/WhatsApp Image 2025-05-25 at 5.25.34 PM.jpeg
round1,https://d2saegmz0kzo1a.cloudfront.net/ROUND 1/WhatsApp Image 2025-05-25 at 5.25.35 PM.jpeg
round1,https://d2saegmz0kzo1a.cloudfront.net/ROUND 1/WhatsApp Image 2025-05-25 at 5.25.36 PM.jpeg
round1,https://d2saegmz0kzo1a.cloudfront.net/ROUND 1/WhatsApp Image 2025-05-25 at 5.25.38 PM (1).jpeg
round1,https://d2saegmz0kzo1a.cloudfront.net/ROUND 1/WhatsApp Image 2025-05-25 at 5.25.38 PM.jpeg
round1,https://d2saegmz0kzo1a.cloudfront.net/ROUND 1/WhatsApp Image 2025-05-25 at 5.25.41 PM (1).jpeg
round1,https://d2saegmz0kzo1a.cloudfront.net/ROUND 1/WhatsApp Image 2025-05-25 at 5.25.41 PM.jpeg
round1,https://d2saegmz0kzo1a.cloudfront.net/ROUND 1/WhatsApp Image 2025-05-25 at 5.26.08 PM.jpeg
round1,https://d2saegmz0kzo1a.cloudfront.net/ROUND 1/WhatsApp Image 2025-05-25 at 5.26.09 PM (1).jpeg
round1,https://d2saegmz0kzo1a.cloudfront.net/ROUND 1/WhatsApp Image 2025-05-25 at 5.26.09 PM.jpeg
round1,https://d2saegmz0kzo1a.cloudfront.net/ROUND 1/WhatsApp Image 2025-05-25 at 5.26.10 PM (1).jpeg
round1,https://d2saegmz0kzo1a.cloudfront.net/ROUND 1/WhatsApp Image 2025-05-25 at 5.26.10 PM.jpeg
round1,https://d2saegmz0kzo1a.cloudfront.net/ROUND 1/WhatsApp Image 2025-05-25 at 5.26.11 PM (1).jpeg
round1,https://d2saegmz0kzo1a.cloudfront.net/ROUND 1/WhatsApp Image 2025-05-25 at 5.26.11 PM (2).jpeg
round1,https://d2saegmz0kzo1a.cloudfront.net/ROUND 1/WhatsApp Image 2025-05-25 at 5.26.11 PM.jpeg
round1,https://d2saegmz0kzo1a.cloudfront.net/ROUND 1/WhatsApp Image 2025-05-25 at 5.26.12 PM (1).jpeg
round1,https://d2saegmz0kzo1a.cloudfront.net/ROUND 1/WhatsApp Image 2025-05-25 at 5.26.12 PM.jpeg
round1,https://d2saegmz0kzo1a.cloudfront.net/ROUND 1/WhatsApp Image 2025-05-25 at 5.26.13 PM (1).jpeg
round1,https://d2saegmz0kzo1a.cloudfront.net/ROUND 1/WhatsApp Image 2025-05-25 at 5.26.13 PM (2).jpeg
round1,https://d2saegmz0kzo1a.cloudfront.net/ROUND 1/WhatsApp Image 2025-05-25 at 5.26.13 PM.jpeg
round1,https://d2saegmz0kzo1a.cloudfront.net/ROUND 1/WhatsApp Image 2025-05-25 at 5.26.14 PM (1).jpeg
round1,https://d2saegmz0kzo1a.cloudfront.net/ROUND 1/WhatsApp Image 2025-05-25 at 5.26.14 PM.jpeg
round1,https://d2saegmz0kzo1a.cloudfront.net/ROUND 1/WhatsApp Image 2025-05-25 at 5.26.15 PM.jpeg
round1,https://d2saegmz0kzo1a.cloudfront.net/ROUND 1/WhatsApp Image 2025-05-25 at 5.26.16 PM (1).jpeg
round1,https://d2saegmz0kzo1a.cloudfront.net/ROUND 1/WhatsApp Image 2025-05-25 at 5.26.16 PM.jpeg
round1,https://d2saegmz0kzo1a.cloudfront.net/ROUND 1/WhatsApp Image 2025-05-25 at 5.26.17 PM (1).jpeg
round1,https://d2saegmz0kzo1a.cloudfront.net/ROUND 1/WhatsApp Image 2025-05-25 at 5.26.17 PM.jpeg
round1,https://d2saegmz0kzo1a.cloudfront.net/ROUND 1/WhatsApp Image 2025-05-25 at 5.26.18 PM.jpeg
round1,https://d2saegmz0kzo1a.cloudfront.net/ROUND 1/WhatsApp Image 2025-05-25 at 5.50.38 PM (1).jpeg
round1,https://d2saegmz0kzo1a.cloudfront.net/ROUND 1/WhatsApp Image 2025-05-25 at 5.50.38 PM (2).jpeg
